{"scale_": [1019.3257575476056, 0.4000000000000001, 436.17708559712304, 1273.1551515820843, 40.38923123804166, 20788.705366376234, 1.0, 0.17613914953808538, 1104.6832125093601, 1.7613914953808538], "mean_": [1115.0, 1.2, 678.5, 931.6, 30.9, 11468.7, 0.0, 0.155, 1015.0, 1.5499999999999998], "var_": [1039025.0, 0.16000000000000006, 190250.45, 1620924.0400000003, 1631.29, 432170270.81000006, 0.0, 0.031025000000000004, 1220325.0, 3.1025]}